attribute,race,atk,card_count,attribute_group,sample_cards
DARK,Fiend,0,75,G1,"Absolute King Back Jack, Alice, Lady of Lament, Armityle the Chaos Phantasm"
DARK,Fiend,1000,42,G1,"Abyss Actor - Comic Relief, Abyss Actor - Twinkle Little Star, Ancient Brain"
DARK,Fiend,2000,32,G1,"Annihilator Archfiend, Berserk Archfiend, Chaos Beast"
EARTH,Warrior,1800,32,G1,"Absolute Crusader, Argostars - Glorious Adra, Assault Mercenary"
DARK,Fiend,2500,29,G1,"Abyss Actor - Superstar, Archfiend Commander, Archfiend's Advent"
LIGHT,Warrior,2500,28,G1,"Ace★Spades Speculation, Constellar Pleiades, Eclipse Twins"
DARK,Machine,0,27,G1,"Appliancer Celtopus, Appliancer Copybokkle, Changer Synchron"
DARK,Fiend,1500,27,G1,"Abyss Actor - Leading Lady, Abyss Actor - Liberty Dramatist, Arias the Labrynth Butler"
DARK,Dragon,2500,27,G1,"Alba-Lenatus the Abyss Dragon, Albion the Branded Dragon, Albion the Shrouded Dragon"
DARK,Fiend,1800,26,G1,"Abyss Actor - Mellow Madonna, Ariane the Labrynth Servant, Bone Archfiend"
LIGHT,Spellcaster,0,26,G1,"Astellar of the White Forest, Ceremonial Bell, Cipher Etranger"
EARTH,Warrior,1000,26,G1,"Battle Shogun of the Six Samurai, Big Belly Knight, Catapult Warrior"
EARTH,Machine,0,26,G1,"Boot-Up Corporal - Command Dynamo, Boot-Up Soldier - Dread Dynamo, Buster Blaster"
LIGHT,Fairy,0,25,G1,"Arahime the Manifested Mikanko, Arcana Force 0 - The Fool, Consecrated Light"
LIGHT,Fairy,1800,24,G1,"Artifact Vajra, Chaos Valkyria, Cupid Dunk"
EARTH,Beast,800,24,G1,"Baby Raccoon Ponpoko, Chow Chow Chan, Dark Cat with White Tail"
DARK,Fiend,1600,23,G1,"Abyss Actor - Super Producer, Abyss Actor - Wild Hope, Arianna the Labrynth Servant"
DARK,Spellcaster,0,23,G1,"Altergeist Fifinellag, Dark-Eyes Illusionist, Fortune Fairy Ann"
DARK,Dragon,0,22,G1,"Anesthrokket Dragon, Baby Mudragon, Chobham Armor Dragon"
DARK,Spellcaster,1500,22,G1,"Alchemic Magician, Allure Queen LV7, Alviss of the Nordic Alfar"
EARTH,Machine,1000,22,G1,"Acrobat Monkey, Ancient Gear Howitzer, Ancient Gear Hunting Hound"
DARK,Fiend,800,21,G1,"Abyss Actor - Hyper Director, Aratama, Byser Shock"
EARTH,Warrior,1600,21,G1,"Battle Survivor, Beautiful Headhuntress, Bull Blader"
EARTH,Warrior,1200,21,G1,"Amazoness Princess, Amazoness Silver Sword Master, Beat, Bladesman Fur Hire"
DARK,Fiend,1200,19,G1,"Alich, Malebranche of the Burning Abyss, Big Eye, Clear Phantom"
DARK,Spellcaster,1000,19,G1,"Akakieisu, Aleister the Invoker, Allure Queen LV5"
LIGHT,Dragon,2500,19,G1,"Ancient Fairy Life Dragon, Azure-Eyes Silver Dragon, Blue-Eyes Abyss Dragon"
EARTH,Warrior,1500,19,G1,"Amazoness Chain Master, Amazoness Fighter, Amazoness Swords Woman"
EARTH,Machine,1800,19,G1,"Ancient Gear Knight, Cyber Saurus, Dododo Bot"
DARK,Warrior,1000,18,G1,"Dark Scorpion - Chick the Yellow, Dark Scorpion - Meanae the Thorn, Dark Scorpion Burglars"
LIGHT,Warrior,0,18,G1,"Astraltopia, Cipher Mirror Knight, CXyz Barian Hope"
LIGHT,Warrior,1500,18,G1,"Chaos-End Master, D.D. Warrior Lady, Dawnbreak Gardna"
LIGHT,Spellcaster,2500,18,G1,"Despian Luluwalilith, Dogmatika Fleurdelis, the Knighted, Dogmatika Fleurdelis, the Thunderbolt"
DARK,Warrior,2000,17,G1,"Destiny HERO - Dangerous, Elemental HERO Darkbright, Flower Cardian Boardefly"
DARK,Warrior,1600,17,G1,"Dark Crusader, Destiny HERO - Celestial, Destiny HERO - Decider"
DARK,Spellcaster,1200,17,G1,"Altergeist Multifaker, Beyond the Pendulum, Dictator of D."
LIGHT,Machine,1000,17,G1,"Cipher Biplane, Cyber Jormungardr, Flying Saucer Muusik'i"
LIGHT,Fairy,1600,17,G1,"Arcana Force VI - The Lovers, Aria the Melodious Diva, Artifact Caduceus"
EARTH,Beast,1600,17,G1,"Advanced Crystal Beast Topaz Tiger, Amazement Ambassador Bufo, Bazoo the Soul-Eater"
EARTH,Beast,1200,17,G1,"Advanced Crystal Beast Amethyst Cat, Assault Dog, Chu-Ske the Mouse Fighter"
DARK,Dragon,2000,16,G1,"Axe Dragonute, Centur-Ion Gargoyle II, Curse of Dragon"
LIGHT,Warrior,2000,16,G1,"Artorigus, King of the Noble Knights, Dual Avatar - Empowered Mitsu-Jaku, Heroic Champion - Excalibur"
LIGHT,Fairy,1000,16,G1,"Barrier Statue of the Heavens, Binding Chain, Bloom Diva the Melodious Choir"
EARTH,Warrior,800,16,G1,"Amazoness Blowpiper, Amazoness Spiritualist, Amazoness Spy"
EARTH,Machine,1600,16,G1,"Ancient Gear Frame, Aye-Iron, Drillroid"
EARTH,Beast,0,16,G1,"Baby Raccoon Tantan, Catnipped Kitty, Dark Garnex the Cubic Beast"
EARTH,Beast,1000,16,G1,"Carpiponica, Mystical Beast of the Forest, Creepy Coney, Heraldic Beast Basilisk"
DARK,Spellcaster,2000,15,G1,"Apprentice Illusion Magician, Chronograph Sorcerer, Dark Elf"
WIND,Machine,0,15,G2,"Aileron, Armored Cybern, Cloudcastle"
LIGHT,Dragon,0,15,G1,"Converging Wills Dragon, Crimson Dragon, Deep-Eyes White Dragon"
LIGHT,Spellcaster,1500,15,G1,"Altergeist Malwisp, Blazing Cartesia, the Virtuous, Chaos Allure Queen"
EARTH,Machine,1500,15,G1,"Ancient Gear Ballista, Ancient Gear Engineer, Bri Synchron"
DARK,Machine,1000,14,G1,"Ally of Justice Cycle Reader, Appliancer Vacculephant, Barricadeborg Blocker"
DARK,Machine,1200,14,G1,"Ally of Justice Core Destroyer, Ally of Justice Reverse Break, Ally of Justice Unknown Crusher"
DARK,Machine,2500,14,G1,"D.D. Assault Carrier, Genex Ally Triforce, Locomotion R-Genex"
DARK,Spellcaster,1800,14,G1,"Aleister the Invoker of Madness, Crowley, the Gifted Magistus, Crowley, the Magistus of Grimoires"
DARK,Spellcaster,2500,14,G1,"Astrograph Sorcerer, Chronicle Magician, Dark Eradicator Warlock"
DARK,Spellcaster,800,14,G1,"Acrobatic Magician, Eidos the Underworld Squire, Fairywitch"
LIGHT,Machine,0,14,G1,"Arcjet Lightcraft, Box of Friends, Cyber Pharos"
LIGHT,Spellcaster,1600,14,G1,"Altergeist Marionetter, Centur-Ion Primera, Constellar Algiedi"
LIGHT,Spellcaster,800,14,G1,"Artemis, the Magistus Moon Maiden, Dracotail Phryxul, Frequency Magician"
LIGHT,Fairy,2000,14,G1,"Artifact Failnaught, Elegy the Melodious Diva, Epurrely Happiness"
EARTH,Warrior,2000,14,G1,"Amazoness Golden Whip Master, Elemental HERO Rampart Blaster, Gouki Jet Ogre"
EARTH,Machine,1200,14,G1,"Karakuri Ninja mdl 339 ""Sazank"", Machina Defender, Morphtronic Boomboxen"
DARK,Machine,2000,13,G1,"Cyberdarkness Dragon, Gimmick Puppet Cattle Scream, Kozmo Delta Shuttle"
WIND,Winged Beast,0,13,G2,"Filo, Messenger Fur Hire, Kikinagashi Fucho, Lyrilusc - Assembled Nightingale"
LIGHT,Machine,2000,13,G1,"Drytron Alpha Thuban, Drytron Beta Rastaban, Drytron Delta Altais"
LIGHT,Spellcaster,1000,13,G1,"Dogmatika Adin, the Enlightened, Golden Dragon Summoner, Lumina, Lightsworn Summoner"
LIGHT,Beast,0,13,G1,"Buster Gundil the Cubic Behemoth, Cupsy★Yummy Way, Cupsy☆Yummy"
EARTH,Warrior,0,13,G1,"Attack Gainer, Dododo Swordsman, Gouki Octostretch"
EARTH,Machine,800,13,G1,"Anchorbolt Hedgehog, Cardcar D, Cycroid"
DARK,Warrior,2500,12,G1,"Dark Magician Knight, Destiny HERO - Destroyer Phoenix Enforcer, Elemental HERO Dark Neos"
DARK,Machine,800,12,G1,"Cyberdark Chimera, Cyberdark Edge, Cyberdark Horn"
DARK,Dragon,1000,12,G1,"Defrag Dragon, Destrudo the Lost Dragon's Frisson, Divine Dragon Apocralyph"
DARK,Dragon,1800,12,G1,"Albaz the Ashen, Black Dragon Collapserpent, Centur-Ion Atrii"
WIND,Dragon,2000,12,G2,"Awakening of the Possessed - Rasenryu, Cave Dragon, Dragunity Knight - Barcha"
LIGHT,Warrior,1000,12,G1,"Dante, Traveler of the Burning Abyss, Ganbara Lancer, Junk Collector"
LIGHT,Warrior,1800,12,G1,"D.D. Unicorn Knight, Dual Avatar Fists - Yuhi, Flash Knight"
LIGHT,Dragon,2000,12,G1,"Alexandrite Dragon, Armed Protector Dragon, Bahalutiya, the Grand Radiance"
LIGHT,Fairy,1500,12,G1,"Arcana Force V - The Hierophant, Artifact Achilleshield, Artifact Dagda"
DARK,Warrior,1200,11,G1,"Chthonian Soldier, Dark Dimension Soldier, Dark Scorpion - Cliff the Trap Remover"
DARK,Machine,1500,11,G1,"Cyber Soldier, Gatekeeper, Gimmick Puppet Chimera Doll"
WIND,Winged Beast,1000,11,G2,"Barrier Statue of the Stormwinds, Dark Bat, Gusto Codor"
WIND,Winged Beast,1200,11,G2,"Dragunity Legionnaire, Dragunity Quirinus, Harpie Dancer"
FIRE,Warrior,1500,11,G2,"Battlin' Boxer Switchitter, Crimson Sentry, Crystal Keeper"
LIGHT,Warrior,1600,11,G1,"Blade Knight, Ehren, Lightsworn Monk, Elemental HERO Sparkman"
LIGHT,Machine,1500,11,G1,"B-Buster Drake, Chronomaly Magella Globe, Combined Maneuver - Engage Zero!"
LIGHT,Machine,1200,11,G1,"C-Crush Wyvern, Delta Tri, Falchion Beta"
LIGHT,Fairy,2500,11,G1,"Angel O7, Arcana Force XV - The Fiend, Bacha the Melodious Maestra"
DARK,Warrior,0,10,G1,"Blue Mountain Butterspy, Destiny HERO - Dark Angel, Destiny HERO - Dreamer"
DARK,Warrior,1800,10,G1,"Codebreaker Zero Day, D.D. Survivor, Dark Blade"
DARK,Warrior,800,10,G1,"Confiras de Nouvelles, Destiny HERO - Captain Tenacious, Destiny HERO - Malicious"
DARK,Machine,1800,10,G1,"Ally Mind, Ally of Justice Enemy Catcher, Galatea, the Orcust Automaton"
DARK,Dragon,1600,10,G1,"Autorokket Dragon, Background Dragon, Blue Rose Dragon"
WIND,Machine,1200,10,G2,"Appliancer Propelion, Genex Worker, Jetroid"
LIGHT,Machine,1800,10,G1,"Amazement Assistant Delia, Antidote Nurse, Armory Arm"
LIGHT,Machine,800,10,G1,"Constellar Acubens, Cyber Barrier Dragon, Healing Wave Generator"
LIGHT,Spellcaster,1800,10,G1,"Anchamoufrite, Dogmatika Theo, the Iron Punch, Herald of Creation"
LIGHT,Spellcaster,2000,10,G1,"Dharma-Eye Magician, Disenchanter, Dogmatika Ashiyan"
LIGHT,Fairy,800,10,G1,"Gullveig of the Nordic Ascendant, Happy Lover, Ichiki Sayori-Hime"
LIGHT,Beast,1000,10,G1,"Constellar Leonis, Cooky☆Yummy, Crusadia Regulex"
EARTH,Machine,2500,10,G1,"B.E.S. Blaster Cannon Core, B.E.S. Covered Core, Boot-Up Admiral - Destroyer Dynamo"
EARTH,Fairy,0,10,G1,"Gnomaterial, Hailon, the Timelord, Kamion, the Timelord"
EARTH,Fairy,1500,10,G1,"Agido, Agido the Ancient Sentinel, Gem-Knight Quartz"
DARK,Warrior,1500,9,G1,"Dragonox, the Empowered Warrior, Envoy of Chaos, Kewl Tune Remix"
DARK,Machine,1600,9,G1,"Ally of Justice Garadholg, Ally of Justice Nullfier, Drillago"
DARK,Spellcaster,1600,9,G1,"A Man with Wdjat, Breaker the Dark Magical Warrior, Breaker the Magical Warrior"
DARK,Winged Beast,1000,9,G1,"Blackwing - Decay the Ill Wind, Blackwing - Tornado the Reverse Wind, Laughing Puffin"
WIND,Machine,1000,9,G2,"Adhesive Explosive, Gyroid, Hi-Speedroid Rubber Band Shooter"
WIND,Dragon,1200,9,G2,"Armed Dragon LV3, Armed Dragon Thunder LV3, Baby Dragon"
FIRE,Warrior,1800,9,G2,"Battlin' Boxer Shadow, Blue Flame Swordsman, Fighting Flame Swordsman"
LIGHT,Cyberse,1000,9,G1,"Cluster Congester, Cyberse Converter, Cyberse Integrator"
EARTH,Beast,1500,9,G1,"Alligator's Sword, Gazelle the King of Mythical Beasts, Gazelle the King of Mythical Claws"
EARTH,Beast,2000,9,G1,"Awakening of the Possessed - Nefariouser Archfiend, Berserk Gorilla, Big-Tusked Mammoth"
DARK,Dragon,1500,8,G1,"Blackland Fire Dragon, Darkfire Dragon, Guardragon Agarpain"
DARK,Dragon,1200,8,G1,"Absorouter Dragon, Breachborrel Dragon, Buster Dragon"
WIND,Spellcaster,1500,8,G2,"Blue Dragon Summoner, Majespecter Fox - Kyubi, Majespecter Orthrus - Nue"
WIND,Winged Beast,1500,8,G2,"Dragunity Dux, Faith Bird, Gladiator Beast Bestiari"
WIND,Winged Beast,2000,8,G2,"Castel, the Skyblaster Musketeer, Gladiator Beast Dragases, Mist Valley Falcon"
FIRE,Warrior,1200,8,G2,"Achacha Archer, Angelica, Princess of Noble Arms, Battlin' Boxer Sparrer"
WATER,Warrior,800,8,G2,"Aqua Armor Ninja, Crusadia Arboria, Elemental HERO Bubbleman"
LIGHT,Warrior,800,8,G1,"Dual Avatar Feet - Kokoku, Edea the Heavenly Squire, Gen the Diamond Tiger"
LIGHT,Machine,1600,8,G1,"Cipher Twin Raptor, Duza the Meteor Cubic Vessel, Helping Robo for Combat"
EARTH,Warrior,2500,8,G1,"Elemental HERO Grand Neos, Elemental HERO Terra Firma, Heroic Champion - Kusanagi"
DARK,Winged Beast,0,7,G1,"Blackwing - Ghibli the Searing Wind, Blackwing - Gofu the Vague Shadow, Blackwing - Hillen the Tengu-wind"
DARK,Winged Beast,800,7,G1,"Assault Blackwing - Sayo the Rain Hider, Blackwing - Gladius the Midnight Sun, Blackwing - Harmattan the Dust"
DARK,Cyberse,0,7,G1,"Cyberse Sage, Datacorn, Knightmare Corruptor Iblee"
DARK,Cyberse,1200,7,G1,"Backup @Ignister, Clock Lizard, Firewall Defenser"
DARK,Cyberse,2500,7,G1,"Cyberse Clock Dragon, Cyberse Magician, Cyberse Quantum Dragon"
WIND,Machine,1500,7,G2,"Mecha Phantom Beast Raiten, R-Genex Accelerator, R-Genex Turbo"
WIND,Winged Beast,1800,7,G2,"Cyber Harpie Lady, Dragunity Legatus, Dragunity Senatus"
WIND,Winged Beast,800,7,G2,"Floowandereeze & Eglen, Garum the Storm Vassal, Gusto Griffin"
FIRE,Warrior,1600,7,G2,"Battlin' Boxer Uppercutter, Hand of the Six Samurai, Igknight Crusader"
WATER,Machine,1500,7,G2,"Amphibious Bugroth MK-3, Appliancer Laundry Dragon, Crystron Halqifibrax"
WATER,Spellcaster,1500,7,G2,"Avance, Swordsman of the Nekroz, Gemini Summoner, Gishki Avance"
WATER,Spellcaster,1600,7,G2,"Chocolate Magician Girl, Dai-sojo of the Ice Barrier, Dance Princess of the Nekroz"
WATER,Fairy,0,7,G2,"Amabie, Cloudian - Sheep Cloud, Gabrion, the Timelord"
LIGHT,Cyberse,1200,7,G1,"Backup Operator, Backup Secretary, Backup Supervisor"
EARTH,Machine,2000,7,G1,"Ancient Gear Beast, Centur-Ion Emeth VI, Junk Giant"
EARTH,Spellcaster,1500,7,G1,"Cyborg Doctor, Eda the Sun Magician, Madolche Butlerusk"
DARK,Fairy,0,6,G1,"Allvain the Essence of Vanity, Capricious Darklord, Dark Angel"
DARK,Winged Beast,1600,6,G1,"Blackwing - Shamal the Sandstorm, Blackwing - Simoon the Poison Wind, Blackwing - Zephyros the Elite"
DARK,Cyberse,1000,6,G1,"Flick Clown, Mad Hacker, Mathmech Nabla"
DARK,Cyberse,800,6,G1,"Clock Spartoi, Cyberse Wicckid, Cyberse Witch"
WIND,Dragon,2500,6,G2,"Accel Synchro Stardust Dragon, Clear Wing Fast Dragon, Clear Wing Synchro Dragon"
WIND,Winged Beast,1600,6,G2,"Birdface, Blue-Winged Crown, Cockadoodledoo"
FIRE,Fiend,0,6,G2,"Double Resonator, Infernoid Antra, Infernoid Pirmais"
FIRE,Fairy,0,6,G2,"Lazion, the Timelord, Mannadium Torrid, Metaion, the Timelord"
WATER,Spellcaster,1200,6,G2,"Aqua Madoor, Glacier Aqua Madoor, Neo Aqua Madoor"
LIGHT,Warrior,1200,6,G1,"Noble Knight Brothers, Performapal Turn Trooper, Power Pro Knight Sisters"
LIGHT,Machine,2500,6,G1,"Cyber Dinosaur, Emes the Infinity, Genex Solar"
LIGHT,Fiend,1200,6,G1,"Dimonno Vaalmonica, Fiendsmith's Sequence, Lacrima the Crimson Tears"
LIGHT,Spellcaster,1200,6,G1,"Elemental Mistress Doriado, LaMoon, Lightray Madoor"
LIGHT,Fairy,1200,6,G1,"Artifact Aegis, Couplet the Melodious Songstress, Goddess with the Third Eye"
LIGHT,Cyberse,2000,6,G1,"Capacitor Stalker, Crusadia Equimax, Cyberse Accelerator"
EARTH,Dragon,1600,6,G1,"Crawling Dragon, Guardragon Garmides, Primite Dragon Ether Beryl"
EARTH,Spellcaster,1000,6,G1,"Gem-Merchant, Great Phantom Thief, Performage Ball Balancer"
EARTH,Beast,1800,6,G1,"Ancient One of the Deep Forest, Dark Zebra, Flower Wolf"
DARK,Fairy,1800,5,G1,"Aluber the Jester of Despia, Dark Valkyria, Darklord Amdusc"
DARK,Winged Beast,2000,5,G1,"Blackwing - Sirocco the Dawn, Raidraptor - Brave Strix, Raidraptor - Revolution Falcon"
WIND,Warrior,1200,5,G2,"Chachaka Archer, Dragoness the Wicked Knight, Masked Ninja Ebisu"
WIND,Machine,1800,5,G2,"B.E.S. Tetran, Mecha Phantom Beast Harrliard, Speedroid Pachingo-Kart"
WIND,Machine,2000,5,G2,"Bellcat Fighter, Hi-Speedroid Chanbara, Hi-Speedroid Hagoita"
WIND,Dragon,1000,5,G2,"Debris Dragon, Dragunity Aklys, Dragunity Couse"
WIND,Dragon,1800,5,G2,"Handcuffs Dragon, Heraldic Beast Aberconway, Hundred Dragon"
WIND,Spellcaster,2000,5,G2,"Conductor of Nephthys, Elfnote Regina, Majespecter Unicorn - Kirin"
WIND,Spellcaster,1600,5,G2,"Arsenal Summoner, Genex Blastfan, Shining Elf"
WIND,Fairy,0,5,G2,"Geira Guile the Cubic King, Raphion, the Timelord, Sadion, the Timelord"
FIRE,Warrior,0,5,G2,"Battlin' Boxer Cheat Commissioner, Battlin' Boxer Counterpunch, Battlin' Boxer Veil"
FIRE,Warrior,2500,5,G2,"Elemental HERO Flare Neos, Elemental HERO Shining Phoenix Enforcer, Great Shogun Shien"
FIRE,Dragon,2500,5,G2,"Burning Dragon, Evolzar Lars, Lavalval Dragun"
FIRE,Spellcaster,1500,5,G2,"Altergeist Hexstia, Rogue of Endymion, Strength of Prophecy"
FIRE,Cyberse,1000,5,G2,"Mathmech Addition, Mathmech Subtraction, Salamangreat Coyote"
FIRE,Cyberse,1500,5,G2,"Bravedrive, Pitknight Earlie, Pitknight Filly"
FIRE,Cyberse,1800,5,G2,"Libromancer Fire, Libromancer Firestarter, Salamangreat Fowl"
FIRE,Cyberse,2000,5,G2,"Auram the World Chalice Blademaster, DPH Gendamoore, Salamangreat Miragestallio"
WATER,Warrior,1500,5,G2,"Elemental HERO Ocean, Elementsaber Nalu, Legendary Six Samurai - Shinai"
WATER,Machine,1800,5,G2,"Crystron Quandax, Crystron Rosenix, Dinomist Pteran"
WATER,Fiend,0,5,G2,"Blue Duston, Cloudian - Ghost Fog, Cloudian - Poison Cloud"
WATER,Spellcaster,1000,5,G2,"Adularia of the June Moon, Gishki Ariel, Magicalibra"
LIGHT,Fiend,0,5,G1,"Dipity, House Duston, Mirror Resonator"
LIGHT,Fiend,1000,5,G1,"Amanokujaki, Chef de Nouvelles, Fabled Krus"
LIGHT,Fiend,1500,5,G1,"Fabled Gallabas, Fabled Urustos, Magical Musketeer Calamity"
LIGHT,Fiend,2500,5,G1,"Despian Quaeritis, Knightmare Gryphon, Magical Musket Mastermind Zakiel"
LIGHT,Dragon,1500,5,G1,"Divine Dragon - Excelion, Divine Dragon Ragnarok, Element Dragon"
LIGHT,Dragon,1800,5,G1,"Assault Wyvern, Dragon Knight of Creation, Hieratic Dragon of Gebeb"
LIGHT,Beast,1800,5,G1,"Number 44: Sky Pegasus, Performapal Gold Fang, Sunlight Unicorn"
LIGHT,Cyberse,1800,5,G1,"Cyberse Reminder, Cyberse White Hat, Cyberse Wizard"
EARTH,Fiend,0,5,G1,"Dino-Sewing, Mimighoul Archfiend, Outer Entity Nyarla"
EARTH,Fiend,1200,5,G1,"Clock Resonator, Coach Goblin, Obsessive Uvualoop"
EARTH,Dragon,0,5,G1,"Amorphage Envy, Amorphage Gluttony, Amorphage Greed"
EARTH,Spellcaster,0,5,G1,"Altergeist Kunquery, Clara & Rushka, the Ventriloduo, Cursed Bride Doll"
EARTH,Spellcaster,1600,5,G1,"Fool of Prophecy, Frontier Wiseman, Gravekeeper's Commandant"
EARTH,Fairy,2500,5,G1,"Madolche Puddingcess Chocolat-a-la-Mode, Merciless Scorpion of Serket, Mystical Beast of Serket"
EARTH,Cyberse,1500,5,G1,"Bitrooper, Digitron, G Golem Stubborn Menhir"
DARK,Dragon,800,4,G1,"Black Dragon's Chick, Crossrose Dragon, Miniborrel Dragon"
DARK,Beast,800,4,G1,"Ape Magician, Bicorn Re'em, Chrysalis Pantail"
DARK,Winged Beast,2500,4,G1,"Blackwing Armor Master, Earthbound Immortal Aslla piscu, Raidraptor - Arsenal Falcon"
WIND,Warrior,1000,4,G2,"Assault Sonic Warrior, Chain Thrasher, Elemental HERO Avian"
WIND,Warrior,1800,4,G2,"Elemental HERO Stratos, Junk Speeder, Kunoichi"
WIND,Dragon,1500,4,G2,"Delta Flyer, Ranryu, Triple-Headed Behemoth"
WIND,Spellcaster,1800,4,G2,"Charioteer of Prophecy, Kiwi Magician Girl, Tuned Magician"
WIND,Spellcaster,1200,4,G2,"Alchemist of Black Spells, Devotee of Nephthys, Majespecter Raccoon - Bunbuku"
WIND,Spellcaster,800,4,G2,"Altergeist Silquitous, Eccentric Boy, Flelf"
FIRE,Warrior,2000,4,G2,"Battlin' Boxer Glassjaw, Infernoble Knight Captain Oliver, Infernoble Knight Captain Roland"
FIRE,Machine,0,4,G2,"Appliancer Dryer Drake, Rescue-ACE Hydrant, Springans Pedor"
FIRE,Machine,1800,4,G2,"Dicelops, Electro Blaster, Gadget Soldier"
FIRE,Machine,1600,4,G2,"Rescueroid, Robotic Knight, Sergeant Electro"
FIRE,Machine,2500,4,G2,"Gung-Ho! Springans!, Metalflame Swordsman, Rescue-ACE Fire Engine"
FIRE,Fiend,2000,4,G2,"D/D/D Flame King Genghis, Evil HERO Infernal Sniper, Gallugallud the Endless Enigma"
FIRE,Fiend,1600,4,G2,"Cursed Fire King Doom Burst, Guerilla Kite, Infernoid Harmadik"
FIRE,Dragon,1500,4,G2,"Aiza the Dragoness of Deranged Devotion, Dragonic Guard, Dragonic Warrior"
FIRE,Dragon,1600,4,G2,"Horus the Black Flame Dragon LV4, Lava Dragon, Tenpai Dragon Fadra"
WATER,Warrior,2500,4,G2,"Elemental HERO Absolute Zero, Elemental HERO Aqua Neos, The Legendary Fisherman III"
WATER,Machine,2000,4,G2,"Crystron Sulfefnir, Dinomist Brachion, Ultimate Bright Knight Ursatron Alpha"
WATER,Dragon,2000,4,G2,"Dinoster Power, the Mighty Dracoslayer, Exa, Enforcer of the Nekroz, Materiactor Exagard"
WATER,Spellcaster,0,4,G2,"Crowned by the World Chalice, Fog King, Fortune Fairy Swee"
WATER,Spellcaster,1800,4,G2,"Gishki Natalia, Ib the World Chalice Justiciar, Ib the World Chalice Priestess"
WATER,Cyberse,1500,4,G2,"Marincess Blue Slug, Marincess Blue Tang, Marincess Coral Triangle"
LIGHT,Dragon,1600,4,G1,"Attachment Cybern, Eclipse Wyvern, Mirage Dragon"
LIGHT,Beast,1500,4,G1,"Bujingi Sinyou, Sleipnir the Runick Mane, Ukanomitsune-no-Onari"
LIGHT,Beast,1600,4,G1,"Bujingi Quilin, Cooky★Yummy Way, Guldfaxe of the Nordic Beasts"
LIGHT,Beast,1200,4,G1,"Bujingi Warg, Lollipo★Yummy Way, The Fabled Nozoochee"
LIGHT,Beast,800,4,G1,"Bat, the Forest Ninja, Marshmao☆Yummy, The Fabled Catsith"
LIGHT,Winged Beast,1600,4,G1,"Bujingi Crane, Bujingi Ibis, Bujingi Raven"
EARTH,Spellcaster,1800,4,G1,"Anarchist Monk Ranshin, Catoblepas and the Witch of Fate, Dracotail Lukias"
EARTH,Spellcaster,800,4,G1,"Avalanching Aussa, Madolche Marmalmaide, Mysterious Guard"
EARTH,Fairy,1000,4,G1,"Celestial Apparatus Tesea, Fluffal Owl, Madolche Anjelly"
EARTH,Beast,2500,4,G1,"Amazoness Pet Liger, Gladiator Beast Essedarii, King of the Beasts"
EARTH,Cyberse,2000,4,G1,"Leotron, Linkslayer, Primathmech Alembertian"
DARK,Fairy,1600,3,G1,"Condemned Darklord, Doma The Angel of Silence, Indulged Darklord"
DARK,Fairy,1200,3,G1,"Angello Vaalmonica, Prediction Princess Tarotreith, Vanadis of the Nordic Ascendant"
DARK,Fairy,2500,3,G1,"CXyz Dark Fairy Cheer Girl, Darklord Ixchel, Duralume, Vaalmonican Heathen Hallow"
DARK,Fairy,800,3,G1,"Dark Rose Fairy, Ghostrick Siren, Ret-time Reviver Emit-ter"
DARK,Beast,2500,3,G1,"Brigrand the Glory Dragon, Nemleria Dream Devourer - Reveil, Number 14: Greedy Sarameya"
DARK,Winged Beast,1800,3,G1,"Blackwing - Shura the Blue Flame, Raidraptor - Tribute Lanius, Simorgh, Bird of Perfection"
DARK,Winged Beast,1200,3,G1,"Blackwing - Brisote the Tailwind, Blackwing - Pinaki the Waxing Moon, Swarm of Crows"
DARK,Cyberse,1500,3,G1,"Doublebyte Dragon, Maliss <P> Chessy Cat, S-Force Edge Razor"
DARK,Cyberse,1800,3,G1,"ROM Cloudia, Traffic Ghost, Wizard @Ignister"
DARK,Cyberse,1600,3,G1,"Backlinker, Brute Enforcer, Pentestag"
WIND,Machine,1600,3,G2,"Hi-Speedroid Glider #2, Mecha Phantom Beast Aerosguin, Mecha Phantom Beast Coltwing"
WIND,Fiend,0,3,G2,"Dotedotengu, Green Duston, Shipping Archfiend"
WIND,Dragon,800,3,G2,"Dragunity Corsesca, Dragunity Remus, Imduk the World Chalice Dragon"
WIND,Spellcaster,0,3,G2,"Disciple of Nephthys, Droll & Lock Bird, Fortune Fairy Hu"
WIND,Spellcaster,1000,3,G2,"Majespecter Crow - Yata, Number 75: Bamboozling Gossip Shadow, Windwitch - Ice Bell"
WIND,Fairy,1000,3,G2,"Fairy Guardian, Fortune Chariot, Prediction Princess Arrowsylph"
WIND,Fairy,1500,3,G2,"Lucky Pied Piper, The Weather Painter Cloud, Whirlwind Prodigy"
WIND,Beast,0,3,G2,"Chemicritter Oxy Ox, Doll Monster Bear-Bear, Silvervine Senri"
WIND,Beast,2000,3,G2,"Mayosenju Hitot, Red Hared Hasty Horse, Yosenju Magat"
WIND,Cyberse,2000,3,G2,"Elphase, Parallel eXceed, Update Jammer"
FIRE,Warrior,1000,3,G2,"Battlin' Boxer Headgeared, Fire Trooper, Infernoble Knight Oliver"
FIRE,Machine,1000,3,G2,"Battle Footballer, R.B. VALCan Rocket, Second Booster"
FIRE,Machine,1500,3,G2,"Sky Striker Ace - Kagari, Springans Captain Sargas, Wind-Up Zenmaines"
FIRE,Machine,1200,3,G2,"Cyber Esper, Cyber Phoenix, Giga-Tech Wolf"
FIRE,Machine,800,3,G2,"Blast Juggler, Superheavy Samurai Soulfire Suit, Vaylantz Buster Baron"
FIRE,Dragon,2000,3,G2,"Destruction Dragon, Lavalval Dragon, Zefraxa, Flame Beast of the Nekroz"
FIRE,Spellcaster,0,3,G2,"Fortune Fairy En, Megistric Maginician, Mira Match"
FIRE,Spellcaster,1000,3,G2,"Arcane Apprentice, Fire Sorcerer, Performage Plushfire"
FIRE,Fairy,1500,3,G2,"Kurikara Divincarnate, Loptr, Shadow of the Generaider Bosses, Rasetsu"
FIRE,Cyberse,0,3,G2,"Link Apple, Salamangreat Almiraj, Salamangreat Mole"
FIRE,Cyberse,1200,3,G2,"Flame Administrator, Salamangreat Falco, Salamangreat Foxer"
FIRE,Cyberse,800,3,G2,"Achichi @Ignister, Salamangreat Meer, Salamangreat of Fire"
WATER,Warrior,1800,3,G2,"Elemental HERO Steam Healer, Judge of the Ice Barrier, Samurai of the Ice Barrier"
WATER,Warrior,1600,3,G2,"Deepsea Warrior, Secret Six Samurai - Hatsume, Skull Mariner"
WATER,Machine,1600,3,G2,"Dinomist Stegosaur, Metal Fish, Snowman Creator"
WATER,Machine,2500,3,G2,"Crystron Ametrix, Dinomist Spinos, Xyz Armor Fortress"
WATER,Machine,800,3,G2,"Crystron Tristaros, Submarineroid, Tin Goldfish"
WATER,Fiend,1000,3,G2,"Blackeyes, the Plunder Patroll Seaguide, Knightmare Mermaid, Redbeard, the Plunder Patroll Matey"
WATER,Fiend,1500,3,G2,"Dipsea Fiend, Unchained Twins - Rakea, Whitebeard, the Plunder Patroll Helm"
WATER,Dragon,1800,3,G2,"Blizzard Dragon, Dragon Ice, Invoked Cocytus"
WATER,Spellcaster,2500,3,G2,"Ice Master, Nekroz of Gungnir, Regenesis Sage"
WATER,Spellcaster,800,3,G2,"Geomancer of the Ice Barrier, Ice Doll, Raging Eria"
WATER,Fairy,1600,3,G2,"Epurrely Beauty, Fluffal Dolphin, Fluffal Penguin"
LIGHT,Fiend,1800,3,G1,"Fiendsmith Engraver, Fiendsmith's Agnumday, Ms. Judge"
LIGHT,Fiend,2000,3,G1,"Fabled Gammajin, Plunder Patrollship Lys, Steelswarm Origin"
LIGHT,Fiend,1600,3,G1,"Fabled Ashenveil, Magical Musketeer Kidbrave, Maginificent Magikey Mafteal"
LIGHT,Beast,2000,3,G1,"Nemleria Dream Defender - Couette, Number 29: Mannequin Cat, Photon Sabre Tiger"
LIGHT,Beast,2500,3,G1,"Nemleria Dream Defender - Oreiller, Sphinx Teleia, Voltic Bicorn"
LIGHT,Cyberse,0,3,G1,"Formud Skipper, Interrupt Resistor, Latency"
LIGHT,Cyberse,1500,3,G1,"Cliant, Mathmech Circular, Recovery Sorcerer"
EARTH,Fiend,1000,3,G1,"Dark Lucius LV4, Goblin of Greed, Scrounging Goblin"
EARTH,Fiend,1600,3,G1,"Evil HERO Darkest Knight, Evil HERO Infernal Gainer, Knightmare Cerberus"
EARTH,Spellcaster,1200,3,G1,"Doriado, Hermit of Prophecy, Tao the Chanter"
EARTH,Fairy,1200,3,G1,"Fluffal Bear, Keldo, Keldo the Sacred Protector"
EARTH,Winged Beast,0,3,G1,"Bettan Bat, Pendulumucho, Tobari the Sky Ninja"
DARK,Beast,0,2,G1,"Geri the Runick Fangs, Zany Zebra"
DARK,Beast,1000,2,G1,"Invoked Caliga, Neo-Spacian Dark Panther"
DARK,Beast,2000,2,G1,"Freki the Runick Fangs, Ghost Beef"
DARK,Winged Beast,1500,2,G1,"Assault Blackwing - Sohaya the Rain Storm, Garura, Wings of Resonant Life"
DARK,Cyberse,2000,2,G1,"Firewall Phantom, Linkslayer @Ignister"
WIND,Warrior,1500,2,G2,"Goe Goe the Gallant Ninja, Gold Pride - Leon"
WIND,Warrior,2000,2,G2,"Stardust Charge Warrior, Ventdra, the Empowered Warrior"
WIND,Warrior,1600,2,G2,"Combo Fighter, Search Striker"
WIND,Warrior,2500,2,G2,"Frodi, Generaider Boss of Swords, Turbo Warrior"
WIND,Machine,2500,2,G2,"Cyber-Tech Alligator, Symphonic Warrior Rockks"
WIND,Machine,800,2,G2,"Speedroid CarTurbo, Speedroid Ultra Hound"
WIND,Fiend,2000,2,G2,"Aiwass, the Magistus Spell Spirit, Shadowknight Archfiend"
WIND,Spellcaster,2500,2,G2,"Nightwinged Cleric, Performapal Sky Magician"
WIND,Beast,1000,2,G2,"Performapal Inflater Tapir, Recon, Scout Fur Hire"
WIND,Beast,1500,2,G2,"Baku the Beast Ninja, Doomstar Ulka"
WIND,Beast,1800,2,G2,"Advanced Crystal Beast Sapphire Pegasus, Crystal Beast Sapphire Pegasus"
WIND,Beast,1600,2,G2,"Dynatherium, Spiritual Beast Rampengu"
WIND,Winged Beast,2500,2,G2,"Phoenix Beast Gairuda, Shinobaroness Peacock"
WIND,Cyberse,1800,2,G2,"Clock Wyvern, Rebuildeer"
FIRE,Fiend,1000,2,G2,"Blast Asmodian, Dokuroyaiba"
FIRE,Fiend,1500,2,G2,"Kewl Tune Reco, Unchained Twins - Aruha"
FIRE,Fiend,2500,2,G2,"Archfiend Emperor, Plunder Patrollship Brann"
FIRE,Dragon,0,2,G2,"Materiactor Zeptwing, Tenpai Dragon Genroku"
FIRE,Spellcaster,1800,2,G2,"Chow Len the Prophet, Witchcrafter Schmietta"
FIRE,Spellcaster,1200,2,G2,"Apple Magician Girl, Performage Flame Eater"
FIRE,Fairy,1600,2,G2,"FaSolfachord Fancia, The Weather Painter Sun"
FIRE,Fairy,2500,2,G2,"Laevatein, Generaider Boss of Shadows, Vala, Seidhr of the Generaider Bosses"
FIRE,Beast,0,2,G2,"Blade Garoodia the Cubic Beast, Tantrum Toddler"
FIRE,Beast,1800,2,G2,"Flame Tiger, Great Angus"
FIRE,Beast,2000,2,G2,"Hazy Flame Cerbereus, Hinezumi Hanabi"
FIRE,Winged Beast,1000,2,G2,"Firebird, Mild Turkey"
FIRE,Winged Beast,1200,2,G2,"Fushi No Tori, Nephthys, the Sacred Preserver"
FIRE,Winged Beast,800,2,G2,"Fire King Courtier Ulcanix, The Cuckoo Commanded to Croon"
FIRE,Cyberse,2500,2,G2,"Degrade Buster, Geomathmech Magma"
WATER,Machine,0,2,G2,"Appliancer Breakerbuncle, Appliancer Kappa Scale"
WATER,Machine,1000,2,G2,"Carrierroid, Crystron Smiger"
WATER,Dragon,0,2,G2,"Guardragon Justicia, Number 71: Rebarian Shark"
WATER,Fairy,1000,2,G2,"Cloudian - Nimbusman, Cloudian - Storm Dragon"
WATER,Fairy,800,2,G2,"Cloudian - Turbulence, Fluffal Octopus"
WATER,Beast,0,2,G2,"Duamutef, Blessing of Horus, Performapal Rain Goat"
WATER,Winged Beast,0,2,G2,"Duck Dummy, Guard Penguin"
WATER,Winged Beast,2000,2,G2,"Georgius, Swordman of the Ice Barrier, Ice Beast Zerofyne"
WATER,Cyberse,0,2,G2,"G Golem Crystal Heart, Marincess Crystal Heart"
WATER,Cyberse,2000,2,G2,"Marincess Coral Anemone, Pendransaction"
WATER,Cyberse,1200,2,G2,"Marincess Pascalus, Marincess Springirl"
LIGHT,Fiend,800,2,G1,"Archfiend Eccentrick, Fabled Oltro"
LIGHT,Dragon,1200,2,G1,"Different Dimension Dragon, Supreme King Dragon Lightwurm"
LIGHT,Cyberse,2500,2,G1,"Antihuman Intelligence ME-PSY-YA, Firewall Dragon"
EARTH,Dragon,1500,2,G1,"Dweller in the Depths, Hardened Armed Dragon"
EARTH,Dragon,1800,2,G1,"Meteor Dragon, Reactan, Dragon Ruler of Pebbles"
EARTH,Dragon,2000,2,G1,"Gaiarmor Dragonshell, Number 82: Heartlandraco"
EARTH,Dragon,2500,2,G1,"Iron Chain Dragon, Naturia Barkion"
EARTH,Fairy,1800,2,G1,"Madolche Teacher Glassouffle, Metrognome"
EARTH,Fairy,1600,2,G1,"Fluffal Leo, Subterror Nemesis Archer"
EARTH,Fairy,800,2,G1,"Prediction Princess Coinorma, Prediction Princess Petalelf"
EARTH,Cyberse,0,2,G1,"Dotscaper, Gatchiri @Ignister"
EARTH,Cyberse,1000,2,G1,"Link Spider, Lockout Gardna"
EARTH,Cyberse,1800,2,G1,"Binary Blader, G Golem Rock Hammer"
DARK,Fairy,1000,1,G1,Epurrely Noir
DARK,Fairy,1500,1,G1,Ad Libitum of Despia
DARK,Fairy,2000,1,G1,Ghostrick Angel of Mischief
DARK,Beast,1500,1,G1,Des Kangaroo
DARK,Beast,1800,1,G1,Performapal Silver Claw
DARK,Beast,1600,1,G1,Infernity Beast
WIND,Warrior,0,1,G2,Goblin Freefall Squad
WIND,Fiend,1000,1,G2,Dark Shade
WIND,Fiend,1500,1,G2,Muzurhythm the String Djinn
WIND,Fiend,2500,1,G2,D/D/D Gust King Alexander
WIND,Fiend,800,1,G2,Creation Resonator
WIND,Fairy,1800,1,G2,Spirit of the Fall Wind
WIND,Fairy,2500,1,G2,Guardian Eatos
WIND,Beast,2500,1,G2,Stellar Wind Wolfrayet
WIND,Cyberse,0,1,G2,Link Infra-Flier
FIRE,Warrior,800,1,G2,Battlin' Boxer Rabbit Puncher
FIRE,Machine,2000,1,G2,Vaylantz Dominator Duke
FIRE,Fiend,1800,1,G2,Infernoid Patrulea
FIRE,Fiend,1200,1,G2,Number 60: Dugares the Timeless
FIRE,Dragon,1000,1,G2,"Burner, Dragon Ruler of Sparks"
FIRE,Dragon,1200,1,G2,Darkblaze Dragon
FIRE,Spellcaster,1600,1,G2,Red Sparrow Summoner
FIRE,Spellcaster,2500,1,G2,Elfnote Lucina
FIRE,Spellcaster,800,1,G2,Blazing Hiita
FIRE,Fairy,1000,1,G2,ZW - Asura Strike
FIRE,Beast,1000,1,G2,Fire King Avatar Kirin
FIRE,Beast,800,1,G2,Performapal Fire Mufflerlion
FIRE,Cyberse,1600,1,G2,Salamangreat Fennec
WATER,Warrior,1000,1,G2,Masked HERO Fountain
WATER,Warrior,2000,1,G2,Royal Knight of the Ice Barrier
WATER,Warrior,1200,1,G2,Nekroz of Clausolas
WATER,Fiend,2000,1,G2,Unchained Soul of Shyama
WATER,Fiend,1600,1,G2,"Blackbeard, the Plunder Patroll Captain"
WATER,Fiend,2500,1,G2,Frozen Fitzgerald
WATER,Fiend,800,1,G2,Evil HERO Toxic Bubble
WATER,Dragon,1000,1,G2,Mythic Water Dragon
WATER,Dragon,1500,1,G2,Materiactor Exareptor
WATER,Dragon,1600,1,G2,"Stream, Dragon Ruler of Droplets"
WATER,Dragon,2500,1,G2,"Gungnir, Dragon of the Ice Barrier"
WATER,Fairy,2000,1,G2,Elder Entity Norden
WATER,Fairy,1200,1,G2,The Weather Painter Rain
WATER,Beast,1500,1,G2,Gishki Beast
WATER,Beast,1800,1,G2,Armored White Bear
WATER,Beast,2000,1,G2,"Dewloren, Tiger King of the Ice Barrier"
WATER,Beast,1200,1,G2,Tree Otter
WATER,Winged Beast,1000,1,G2,Migratory Zereort
WATER,Winged Beast,1500,1,G2,Blizzard Falcon
WATER,Winged Beast,1600,1,G2,Blizzard Thunderbird
WATER,Winged Beast,1200,1,G2,Aurora Wing
WATER,Winged Beast,2500,1,G2,Ice Princess Zereort
WATER,Cyberse,1000,1,G2,Marincess Sea Angel
WATER,Cyberse,1600,1,G2,Code Radiator
WATER,Cyberse,2500,1,G2,Marincess Marbled Rock
WATER,Cyberse,800,1,G2,Marincess Sea Star
LIGHT,Dragon,1000,1,G1,Galaxy Serpent
LIGHT,Dragon,800,1,G1,"Parsec, the Interstellar Dragon"
LIGHT,Winged Beast,1800,1,G1,Bujingi Peacock
LIGHT,Winged Beast,2000,1,G1,Performapal Odd-Eyes Light Phoenix
LIGHT,Winged Beast,2500,1,G1,Gladiator Beast Octavius
LIGHT,Cyberse,1600,1,G1,Link Streamer
LIGHT,Cyberse,800,1,G1,Catche Eve L2
EARTH,Fiend,1500,1,G1,Plunder Patrollship Jord
EARTH,Fiend,2500,1,G1,Regenesis Archfiend
EARTH,Dragon,1000,1,G1,Exploder Dragon
EARTH,Winged Beast,2500,1,G1,"Qebehsenuef, Protection of Horus"
EARTH,Cyberse,1600,1,G1,Binary Sorceress
